{
  "model_results": {
    "random_forest": {
      "precision": 0.7683060109289618,
      "recall": 0.00842794288660041,
      "f1": 0.016672991177307656,
      "roc_auc": 0.7927430748364519
    },
    "gbdt": {
      "precision": 0.35359285045472666,
      "recall": 0.4572548643496817,
      "f1": 0.398797574236721,
      "roc_auc": 0.7867470534235235
    },
    "ncf": {
      "precision": 0.3225705082881609,
      "recall": 0.04922494095644564,
      "f1": 0.08541532316781428,
      "roc_auc": 0.6552948675657007
    },
    "gru": {
      "precision": 0.06366666666666666,
      "precision_at_10": 0.06366666666666666,
      "recall": 0.09696711852795321,
      "recall_at_10": 0.09696711852795321,
      "f1": 0.07686518956188466,
      "f1_at_10": 0.07686518956188466
    }
  },
  "cold_start": {
    "cold": {
      "precision": 0.40343527440301635,
      "recall": 0.4064320081033173,
      "f1": 0.40492809687999326,
      "n": 69616,
      "n_users": 2794
    },
    "warm": {
      "precision": 0.34739190259767333,
      "recall": 0.46566805466282873,
      "f1": 0.3979271394285305,
      "n": 773688,
      "n_users": 10327
    }
  },
  "best_model": "gbdt",
  "best_f1": 0.398797574236721
}