{
  "random_forest": {
    "precision": 0.7683060109289618,
    "recall": 0.00842794288660041,
    "f1": 0.016672991177307656,
    "roc_auc": 0.7927430748364519
  },
  "gbdt": {
    "precision": 0.35359285045472666,
    "recall": 0.4572548643496817,
    "f1": 0.398797574236721,
    "roc_auc": 0.7867470534235235
  },
  "ncf": {
    "precision": 0.3225705082881609,
    "recall": 0.04922494095644564,
    "f1": 0.08541532316781428,
    "roc_auc": 0.6552948675657007
  },
  "gru": {
    "precision": 0.06366666666666666,
    "precision_at_10": 0.06366666666666666,
    "recall": 0.09696711852795321,
    "recall_at_10": 0.09696711852795321,
    "f1": 0.07686518956188466,
    "f1_at_10": 0.07686518956188466
  }
}